"ID","Time","Gender","Age"
"0","00:00:00","Female","(8-12)"
"1","00:00:00","Female","(8-12)"
"2","00:00:01","Unknown","Unknown"
"3","00:00:01","Unknown","Unknown"
"4","00:00:01","Unknown","Unknown"
"5","00:00:04","Male","(25-32)"
"6","00:00:06","Male","(4-6)"
"7","00:00:06","Female","(25-32)"
"8","00:00:09","Male","(4-6)"
"9","00:00:09","Male","(25-32)"
"10","00:00:09","Unknown","Unknown"
"11","00:00:11","Male","(38-43)"
"12","00:00:11","Female","(8-12)"
"13","00:00:11","Female","(25-32)"
"14","00:00:12","Female","(8-12)"
"15","00:00:12","Female","(8-12)"
"16","00:00:12","Male","(25-32)"
"17","00:00:12","Male","(25-32)"
